analysis_family,analysis_id,analysis_level,ci_lower,ci_upper,cluster_correction,contrast,direction,effect_estimate,episode_type,episodes,exposed,hr_subjects,independent_subjects,ischemic_subjects,landmark,method,model,multiplicity_family,n,observations,outcome,p_adjusted,p_value,reference,source,source_file,source_script,subgroup,subgroup_variable,weighting
LTST,LTST_001,episode,2.1691295764449112,11.753185459529682,,ischemic_vs_baseline,,6.961157517987297,,1060.0,,,60.0,,,,episode_delta_clustered_by_subject,exploratory_or_sensitivity,,,mean_abs_resid_ms,,0.0051371131873112,,,revision_work/analysis/hierarchical_effects.csv,src/revision_statistics.py,,,equal_episode
LTST,LTST_002,subject_equal_weight,5.056371806579607,10.949464664525967,,ischemic_vs_baseline,,7.673953181244968,,1060.0,,,60.0,,,,subject_mean_with_subject_bootstrap,three_primary_absolute_contrasts,,,mean_abs_resid_ms,0.0002999700029997,9.999000099990002e-05,,,revision_work/analysis/hierarchical_effects.csv,src/revision_statistics.py,,,equal_subject
LTST,LTST_003,episode,1.506586827251052,11.331527300881206,,ischemic_vs_baseline,,6.419057064066129,,1060.0,,,60.0,,,,episode_delta_clustered_by_subject,exploratory_or_sensitivity,,,median_abs_resid_ms,,0.0113191555147916,,,revision_work/analysis/hierarchical_effects.csv,src/revision_statistics.py,,,equal_episode
LTST,LTST_004,subject_equal_weight,4.902172545009662,10.904563681660203,,ischemic_vs_baseline,,7.584260402358639,,1060.0,,,60.0,,,,subject_mean_with_subject_bootstrap,exploratory_or_sensitivity,,,median_abs_resid_ms,,9.999000099990002e-05,,,revision_work/analysis/hierarchical_effects.csv,src/revision_statistics.py,,,equal_subject
LTST,LTST_005,episode,-8.576145365084532,3.9433886160981393,,ischemic_vs_baseline,,-2.316378374493196,,1060.0,,,60.0,,,,episode_delta_clustered_by_subject,exploratory_or_sensitivity,,,mean_signed_resid_ms,,0.4619618642722874,,,revision_work/analysis/hierarchical_effects.csv,src/revision_statistics.py,,,equal_episode
LTST,LTST_006,subject_equal_weight,-7.781117983241683,1.0930398716871672,,ischemic_vs_baseline,,-3.234800879826596,,1060.0,,,60.0,,,,subject_mean_with_subject_bootstrap,exploratory_or_sensitivity,,,mean_signed_resid_ms,,0.1741825817418258,,,revision_work/analysis/hierarchical_effects.csv,src/revision_statistics.py,,,equal_subject
LTST,LTST_007,episode,-8.533453476508964,4.539793781221213,,ischemic_vs_baseline,,-1.996829847643876,,1060.0,,,60.0,,,,episode_delta_clustered_by_subject,exploratory_or_sensitivity,,,median_signed_resid_ms,,0.5433683954928348,,,revision_work/analysis/hierarchical_effects.csv,src/revision_statistics.py,,,equal_episode
LTST,LTST_008,subject_equal_weight,-8.938367715875579,0.445932828714064,,ischemic_vs_baseline,,-4.198960613072367,,1060.0,,,60.0,,,,subject_mean_with_subject_bootstrap,exploratory_or_sensitivity,,,median_signed_resid_ms,,0.0961903809619038,,,revision_work/analysis/hierarchical_effects.csv,src/revision_statistics.py,,,equal_subject
LTST,LTST_009,episode,1.3893209227957373,6.397015974258927,,hr_vs_baseline,,3.893168448527332,,218.0,,,25.0,,,,episode_delta_clustered_by_subject,exploratory_or_sensitivity,,,mean_abs_resid_ms,,0.0037569408126671,,,revision_work/analysis/hierarchical_effects.csv,src/revision_statistics.py,,,equal_episode
LTST,LTST_010,subject_equal_weight,2.3409359429472323,6.903593117202446,,hr_vs_baseline,,4.574870151792791,,218.0,,,25.0,,,,subject_mean_with_subject_bootstrap,three_primary_absolute_contrasts,,,mean_abs_resid_ms,0.0005999400059994,0.0003999600039996,,,revision_work/analysis/hierarchical_effects.csv,src/revision_statistics.py,,,equal_subject
LTST,LTST_011,episode,0.9673006734951616,5.308094557020579,,hr_vs_baseline,,3.13769761525787,,218.0,,,25.0,,,,episode_delta_clustered_by_subject,exploratory_or_sensitivity,,,median_abs_resid_ms,,0.006450039980101,,,revision_work/analysis/hierarchical_effects.csv,src/revision_statistics.py,,,equal_episode
LTST,LTST_012,subject_equal_weight,1.3596530322295233,5.364074821191628,,hr_vs_baseline,,3.3546406309048624,,218.0,,,25.0,,,,subject_mean_with_subject_bootstrap,exploratory_or_sensitivity,,,median_abs_resid_ms,,0.0021997800219978,,,revision_work/analysis/hierarchical_effects.csv,src/revision_statistics.py,,,equal_subject
LTST,LTST_013,episode,-5.776138129564959,1.032404769983296,,hr_vs_baseline,,-2.3718666797908314,,218.0,,,25.0,,,,episode_delta_clustered_by_subject,exploratory_or_sensitivity,,,mean_signed_resid_ms,,0.1633507945954803,,,revision_work/analysis/hierarchical_effects.csv,src/revision_statistics.py,,,equal_episode
LTST,LTST_014,subject_equal_weight,-7.384296435861251,-0.1430182507427666,,hr_vs_baseline,,-3.5563612861172413,,218.0,,,25.0,,,,subject_mean_with_subject_bootstrap,exploratory_or_sensitivity,,,mean_signed_resid_ms,,0.0606939306069393,,,revision_work/analysis/hierarchical_effects.csv,src/revision_statistics.py,,,equal_subject
LTST,LTST_015,episode,-5.6465489711072685,1.392453487751681,,hr_vs_baseline,,-2.127047741677794,,218.0,,,25.0,,,,episode_delta_clustered_by_subject,exploratory_or_sensitivity,,,median_signed_resid_ms,,0.2243081976065209,,,revision_work/analysis/hierarchical_effects.csv,src/revision_statistics.py,,,equal_episode
LTST,LTST_016,subject_equal_weight,-6.951772490024912,-0.0398577589154708,,hr_vs_baseline,,-3.364876889294357,,218.0,,,25.0,,,,subject_mean_with_subject_bootstrap,exploratory_or_sensitivity,,,median_signed_resid_ms,,0.0683931606839316,,,revision_work/analysis/hierarchical_effects.csv,src/revision_statistics.py,,,equal_subject
LTST,LTST_017,episode,-2.901555340204804,14.152270571944468,,ischemic_vs_hr,,5.625357615869832,,1278.0,,,76.0,,,,episode_ols_clustered_by_subject,exploratory_or_sensitivity,,,mean_abs_resid_ms,,0.1927755965343695,,,revision_work/analysis/hierarchical_effects.csv,src/revision_statistics.py,,,equal_episode
LTST,LTST_018,subject_equal_weight,-0.7321167688476606,10.46316606447467,,ischemic_vs_hr,,4.865524647813505,,,,25.0,76.0,60.0,,,welch_between_subject,three_primary_absolute_contrasts,,,mean_abs_resid_ms,0.0872143506850243,0.0872143506850243,,,revision_work/analysis/hierarchical_effects.csv,src/revision_statistics.py,,,equal_subject
LTST,LTST_019,within_subject,-9.27123162311706,5.636610757252136,,ischemic_vs_hr,,-1.3573344711726694,,,,,9.0,,,,paired_subject_mean_with_bootstrap,exploratory_or_sensitivity,,,mean_abs_resid_ms,,0.77002299770023,,,revision_work/analysis/hierarchical_effects.csv,src/revision_statistics.py,,,equal_subject
LTST,LTST_020,episode,-2.173317987938112,13.279529607209604,,ischemic_vs_hr,,5.5531058096357455,,1278.0,,,76.0,,,,episode_ols_clustered_by_subject,exploratory_or_sensitivity,,,median_abs_resid_ms,,0.1563679678027328,,,revision_work/analysis/hierarchical_effects.csv,src/revision_statistics.py,,,equal_episode
LTST,LTST_021,subject_equal_weight,0.2359265172015279,10.629608338740413,,ischemic_vs_hr,,5.432767427970969,,,,25.0,76.0,60.0,,,welch_between_subject,exploratory_or_sensitivity,,,median_abs_resid_ms,,0.0407377838383173,,,revision_work/analysis/hierarchical_effects.csv,src/revision_statistics.py,,,equal_subject
LTST,LTST_022,within_subject,-6.186185811333587,5.761215130197799,,ischemic_vs_hr,,-0.2689537750956927,,,,,9.0,,,,paired_subject_mean_with_bootstrap,exploratory_or_sensitivity,,,median_abs_resid_ms,,0.960903909609039,,,revision_work/analysis/hierarchical_effects.csv,src/revision_statistics.py,,,equal_subject
LTST,LTST_023,episode,-7.261948569145661,10.17862490646682,,ischemic_vs_hr,,1.4583381686605796,,1278.0,,,76.0,,,,episode_ols_clustered_by_subject,exploratory_or_sensitivity,,,mean_signed_resid_ms,,0.7399510177183621,,,revision_work/analysis/hierarchical_effects.csv,src/revision_statistics.py,,,equal_episode
LTST,LTST_024,subject_equal_weight,-7.890504527682123,7.081381590382869,,ischemic_vs_hr,,-0.4045614686496268,,,,25.0,76.0,60.0,,,welch_between_subject,exploratory_or_sensitivity,,,mean_signed_resid_ms,,0.914519510212622,,,revision_work/analysis/hierarchical_effects.csv,src/revision_statistics.py,,,equal_subject
LTST,LTST_025,within_subject,-8.115594962452565,7.359361230333387,,ischemic_vs_hr,,-1.2741740418349872,,,,,9.0,,,,paired_subject_mean_with_bootstrap,exploratory_or_sensitivity,,,mean_signed_resid_ms,,0.8153184681531847,,,revision_work/analysis/hierarchical_effects.csv,src/revision_statistics.py,,,equal_subject
LTST,LTST_026,episode,-7.085702830723023,10.541782139017716,,ischemic_vs_hr,,1.7280396541473462,,1278.0,,,76.0,,,,episode_ols_clustered_by_subject,exploratory_or_sensitivity,,,median_signed_resid_ms,,0.6972182697742156,,,revision_work/analysis/hierarchical_effects.csv,src/revision_statistics.py,,,equal_episode
LTST,LTST_027,subject_equal_weight,-8.563127005469418,6.459842227661679,,ischemic_vs_hr,,-1.0516423889038693,,,,25.0,76.0,60.0,,,welch_between_subject,exploratory_or_sensitivity,,,median_signed_resid_ms,,0.7810333260565585,,,revision_work/analysis/hierarchical_effects.csv,src/revision_statistics.py,,,equal_subject
LTST,LTST_028,within_subject,-8.089133063136392,3.672285126231817,,ischemic_vs_hr,,-2.251727369589353,,,,,9.0,,,,paired_subject_mean_with_bootstrap,exploratory_or_sensitivity,,,median_signed_resid_ms,,0.5085491450854914,,,revision_work/analysis/hierarchical_effects.csv,src/revision_statistics.py,,,equal_subject
LTST,LTST_029,beat,-6.326950844261264,6.717818057725037,CR1; t reference with G-1 df,ischemic_vs_hr,,0.1954336067318863,,,ischemic,,76.0,,,,cluster_robust_wls,exploratory_or_sensitivity,,1299179.0,abs_resid_ms,,0.9525609866604188,rate_related,,revision_work/analysis/hierarchical_effects.csv,src/revision_statistics.py,,,unweighted
LTST,LTST_030,beat,-5.955659424384461,5.909366250997101,CR1; t reference with G-1 df,ischemic_vs_hr,,-0.02314658669368,,,ischemic,,76.0,,,,cluster_robust_wls,exploratory_or_sensitivity,,1299179.0,abs_resid_ms,,0.9938191543214802,rate_related,,revision_work/analysis/hierarchical_effects.csv,src/revision_statistics.py,,,inverse_qt_variance
LTST,LTST_031,beat,-9.983766629530068,10.347524929602937,CR1; t reference with G-1 df,ischemic_vs_hr,,0.1818791500364342,,,ischemic,,76.0,,,,cluster_robust_wls,exploratory_or_sensitivity,,1299179.0,resid_ms,,0.9716626759331254,rate_related,,revision_work/analysis/hierarchical_effects.csv,src/revision_statistics.py,,,unweighted
LTST,LTST_032,beat,-10.38025357502899,7.809402743039581,CR1; t reference with G-1 df,ischemic_vs_hr,,-1.2854254159947045,,,ischemic,,76.0,,,,cluster_robust_wls,exploratory_or_sensitivity,,1299179.0,resid_ms,,0.7790597674978252,rate_related,,revision_work/analysis/hierarchical_effects.csv,src/revision_statistics.py,,,inverse_qt_variance
LTST,LTST_033,beat,4.241733404258029,10.074558201685011,CR1; t reference with G-1 df,ischemic_vs_baseline,,7.15814580297152,,,ischemic,,60.0,,,,cluster_robust_wls,exploratory_or_sensitivity,,1921348.0,abs_resid_ms,,7.516477093713767e-06,matched_baseline,,revision_work/analysis/hierarchical_effects.csv,src/revision_statistics.py,,,unweighted
LTST,LTST_034,beat,4.149947909812266,8.30636902191107,CR1; t reference with G-1 df,ischemic_vs_baseline,,6.228158465861668,,,ischemic,,60.0,,,,cluster_robust_wls,exploratory_or_sensitivity,,1921348.0,abs_resid_ms,,1.3093831325811058e-07,matched_baseline,,revision_work/analysis/hierarchical_effects.csv,src/revision_statistics.py,,,inverse_qt_variance
LTST,LTST_035,beat,-10.3591478878776,5.348874584122083,CR1; t reference with G-1 df,ischemic_vs_baseline,,-2.505136651877759,,,ischemic,,60.0,,,,cluster_robust_wls,exploratory_or_sensitivity,,1921348.0,resid_ms,,0.5257852528279151,matched_baseline,,revision_work/analysis/hierarchical_effects.csv,src/revision_statistics.py,,,unweighted
LTST,LTST_036,beat,-10.062423587653347,2.574539148318332,CR1; t reference with G-1 df,ischemic_vs_baseline,,-3.7439422196675074,,,ischemic,,60.0,,,,cluster_robust_wls,exploratory_or_sensitivity,,1921348.0,resid_ms,,0.2405073864942119,matched_baseline,,revision_work/analysis/hierarchical_effects.csv,src/revision_statistics.py,,,inverse_qt_variance
LTST,LTST_037,beat,3.434498752450144,7.500798099495677,CR1; t reference with G-1 df,hr_vs_baseline,,5.467648425972911,,,rate_related,,25.0,,,,cluster_robust_wls,exploratory_or_sensitivity,,505951.0,abs_resid_ms,,1.0393476562868183e-05,matched_baseline,,revision_work/analysis/hierarchical_effects.csv,src/revision_statistics.py,,,unweighted
LTST,LTST_038,beat,3.0049923907974585,7.053561164410436,CR1; t reference with G-1 df,hr_vs_baseline,,5.029276777603947,,,rate_related,,25.0,,,,cluster_robust_wls,exploratory_or_sensitivity,,505951.0,abs_resid_ms,,3.008745783568145e-05,matched_baseline,,revision_work/analysis/hierarchical_effects.csv,src/revision_statistics.py,,,inverse_qt_variance
LTST,LTST_039,beat,-5.987110536744774,2.139203648031522,CR1; t reference with G-1 df,hr_vs_baseline,,-1.9239534443566264,,,rate_related,,25.0,,,,cluster_robust_wls,exploratory_or_sensitivity,,505951.0,resid_ms,,0.3381789964912559,matched_baseline,,revision_work/analysis/hierarchical_effects.csv,src/revision_statistics.py,,,unweighted
LTST,LTST_040,beat,-6.087826894631788,2.192266726037748,CR1; t reference with G-1 df,hr_vs_baseline,,-1.94778008429702,,,rate_related,,25.0,,,,cluster_robust_wls,exploratory_or_sensitivity,,505951.0,resid_ms,,0.3412291419397453,matched_baseline,,revision_work/analysis/hierarchical_effects.csv,src/revision_statistics.py,,,inverse_qt_variance
LTST subgroup,hr_episode_vs_baseline,,2.998215629201801,9.682615729149417,,,,6.197453663178066,,58.0,,,9.0,,,,,,,,mean_abs_resid_ms,,,,,revision_work/analysis/subgroup_effects.csv,src/revision_subgroups.py,any_raw_ischemic_episode,raw_ischemic_overlap,
LTST subgroup,hr_episode_vs_baseline,,0.778029449001099,6.668798093214522,,,,3.662166926638573,,160.0,,,16.0,,,,,,,,mean_abs_resid_ms,,,,,revision_work/analysis/subgroup_effects.csv,src/revision_subgroups.py,no_annotated_ischemic_episode,raw_ischemic_overlap,
LTST subgroup,episode_state_x_raw_ischemic_overlap,,-2.4983183739667187,7.568891847045705,,,,2.535286736539493,,218.0,,,25.0,,,,,,,,mean_abs_resid_ms,,0.3048563478538302,,,revision_work/analysis/subgroup_effects.csv,src/revision_subgroups.py,difference_in_hr_episode_effect,interaction,
LTST subgroup,hr_episode_vs_baseline,,2.998215629201801,9.682615729149417,,,,6.197453663178066,,58.0,,,9.0,,,,,,,,mean_abs_resid_ms,,,,,revision_work/analysis/subgroup_effects.csv,src/revision_subgroups.py,any_retained_ischemic_episode,retained_ischemic_overlap,
LTST subgroup,hr_episode_vs_baseline,,0.778029449001099,6.668798093214522,,,,3.662166926638573,,160.0,,,16.0,,,,,,,,mean_abs_resid_ms,,,,,revision_work/analysis/subgroup_effects.csv,src/revision_subgroups.py,no_annotated_ischemic_episode,retained_ischemic_overlap,
LTST subgroup,episode_state_x_retained_ischemic_overlap,,-2.4983183739667187,7.568891847045705,,,,2.535286736539493,,218.0,,,25.0,,,,,,,,mean_abs_resid_ms,,0.3048563478538302,,,revision_work/analysis/subgroup_effects.csv,src/revision_subgroups.py,difference_in_hr_episode_effect,interaction,
LTST subgroup,hr_episode_vs_baseline_exploratory_clinical,,5.464096975377493,12.074412172789849,,,,8.739458407947122,,35.0,,,8.0,,,,,,,,mean_abs_resid_ms,,,,,revision_work/analysis/subgroup_effects.csv,src/revision_subgroups.py,documented_present,coronary_disease_status,
LTST subgroup,hr_episode_vs_baseline_exploratory_clinical,,-1.8315979168865653,3.03143960943034,,,,0.3762821357293656,,83.0,,,8.0,,,,,,,,mean_abs_resid_ms,,,,,revision_work/analysis/subgroup_effects.csv,src/revision_subgroups.py,explicitly_documented_absent,coronary_disease_status,
LTST subgroup,hr_episode_vs_baseline_exploratory_clinical,,1.0000979351326624,8.379988204301892,,,,4.605092160600873,,100.0,,,9.0,,,,,,,,mean_abs_resid_ms,,,,,revision_work/analysis/subgroup_effects.csv,src/revision_subgroups.py,unknown_or_insufficient,coronary_disease_status,
LTST subgroup,hr_episode_vs_baseline,,2.48070086583054,6.577701765559214,,,,4.53480109453053,,58.0,,,9.0,,,,,,,,median_abs_resid_ms,,,,,revision_work/analysis/subgroup_effects.csv,src/revision_subgroups.py,any_raw_ischemic_episode,raw_ischemic_overlap,
LTST subgroup,hr_episode_vs_baseline,,-0.1825390007985524,5.634040293327373,,,,2.690800370115425,,160.0,,,16.0,,,,,,,,median_abs_resid_ms,,,,,revision_work/analysis/subgroup_effects.csv,src/revision_subgroups.py,no_annotated_ischemic_episode,raw_ischemic_overlap,
LTST subgroup,episode_state_x_raw_ischemic_overlap,,-2.09294126480928,5.78094271363949,,,,1.844000724415105,,218.0,,,25.0,,,,,,,,median_abs_resid_ms,,0.3426614607661986,,,revision_work/analysis/subgroup_effects.csv,src/revision_subgroups.py,difference_in_hr_episode_effect,interaction,
LTST subgroup,hr_episode_vs_baseline,,2.48070086583054,6.577701765559214,,,,4.53480109453053,,58.0,,,9.0,,,,,,,,median_abs_resid_ms,,,,,revision_work/analysis/subgroup_effects.csv,src/revision_subgroups.py,any_retained_ischemic_episode,retained_ischemic_overlap,
LTST subgroup,hr_episode_vs_baseline,,-0.1825390007985524,5.634040293327373,,,,2.690800370115425,,160.0,,,16.0,,,,,,,,median_abs_resid_ms,,,,,revision_work/analysis/subgroup_effects.csv,src/revision_subgroups.py,no_annotated_ischemic_episode,retained_ischemic_overlap,
LTST subgroup,episode_state_x_retained_ischemic_overlap,,-2.09294126480928,5.78094271363949,,,,1.844000724415105,,218.0,,,25.0,,,,,,,,median_abs_resid_ms,,0.3426614607661986,,,revision_work/analysis/subgroup_effects.csv,src/revision_subgroups.py,difference_in_hr_episode_effect,interaction,
LTST subgroup,hr_episode_vs_baseline_exploratory_clinical,,3.896645463096624,9.542424804889464,,,,6.682199365015189,,35.0,,,8.0,,,,,,,,median_abs_resid_ms,,,,,revision_work/analysis/subgroup_effects.csv,src/revision_subgroups.py,documented_present,coronary_disease_status,
LTST subgroup,hr_episode_vs_baseline_exploratory_clinical,,-2.672518020248376,2.391436219886128,,,,-0.2792578540868291,,83.0,,,8.0,,,,,,,,median_abs_resid_ms,,,,,revision_work/analysis/subgroup_effects.csv,src/revision_subgroups.py,explicitly_documented_absent,coronary_disease_status,
LTST subgroup,hr_episode_vs_baseline_exploratory_clinical,,0.2398517016345497,6.94257578967875,,,,3.626942631688297,,100.0,,,9.0,,,,,,,,median_abs_resid_ms,,,,,revision_work/analysis/subgroup_effects.csv,src/revision_subgroups.py,unknown_or_insufficient,coronary_disease_status,
LTST subgroup,hr_episode_vs_baseline,,-7.386876300467698,-1.7311835688770807,,,,-4.723394861300668,,58.0,,,9.0,,,,,,,,mean_signed_resid_ms,,,,,revision_work/analysis/subgroup_effects.csv,src/revision_subgroups.py,any_raw_ischemic_episode,raw_ischemic_overlap,
LTST subgroup,hr_episode_vs_baseline,,-8.657245882356415,2.0384696937518645,,,,-2.899904900076564,,160.0,,,16.0,,,,,,,,mean_signed_resid_ms,,,,,revision_work/analysis/subgroup_effects.csv,src/revision_subgroups.py,no_annotated_ischemic_episode,raw_ischemic_overlap,
LTST subgroup,episode_state_x_raw_ischemic_overlap,,-8.521091978645147,4.874112056196939,,,,-1.823489961224104,,218.0,,,25.0,,,,,,,,mean_signed_resid_ms,,0.5777505323735742,,,revision_work/analysis/subgroup_effects.csv,src/revision_subgroups.py,difference_in_hr_episode_effect,interaction,
LTST subgroup,hr_episode_vs_baseline,,-7.386876300467698,-1.7311835688770807,,,,-4.723394861300668,,58.0,,,9.0,,,,,,,,mean_signed_resid_ms,,,,,revision_work/analysis/subgroup_effects.csv,src/revision_subgroups.py,any_retained_ischemic_episode,retained_ischemic_overlap,
LTST subgroup,hr_episode_vs_baseline,,-8.657245882356415,2.0384696937518645,,,,-2.899904900076564,,160.0,,,16.0,,,,,,,,mean_signed_resid_ms,,,,,revision_work/analysis/subgroup_effects.csv,src/revision_subgroups.py,no_annotated_ischemic_episode,retained_ischemic_overlap,
LTST subgroup,episode_state_x_retained_ischemic_overlap,,-8.521091978645147,4.874112056196939,,,,-1.823489961224104,,218.0,,,25.0,,,,,,,,mean_signed_resid_ms,,0.5777505323735742,,,revision_work/analysis/subgroup_effects.csv,src/revision_subgroups.py,difference_in_hr_episode_effect,interaction,
LTST subgroup,hr_episode_vs_baseline_exploratory_clinical,,-9.78141294256127,-1.940350160568288,,,,-5.907840276511148,,35.0,,,8.0,,,,,,,,mean_signed_resid_ms,,,,,revision_work/analysis/subgroup_effects.csv,src/revision_subgroups.py,documented_present,coronary_disease_status,
LTST subgroup,hr_episode_vs_baseline_exploratory_clinical,,-4.445692013335897,6.004537585332095,,,,0.2204649762061805,,83.0,,,8.0,,,,,,,,mean_signed_resid_ms,,,,,revision_work/analysis/subgroup_effects.csv,src/revision_subgroups.py,explicitly_documented_absent,coronary_disease_status,
LTST subgroup,hr_episode_vs_baseline_exploratory_clinical,,-13.221803526886296,1.593294138191223,,,,-4.823336638943477,,100.0,,,9.0,,,,,,,,mean_signed_resid_ms,,,,,revision_work/analysis/subgroup_effects.csv,src/revision_subgroups.py,unknown_or_insufficient,coronary_disease_status,
LTST subgroup,hr_episode_vs_baseline,,-7.21421405990255,-2.2312109873610284,,,,-4.925820962009555,,58.0,,,9.0,,,,,,,,median_signed_resid_ms,,,,,revision_work/analysis/subgroup_effects.csv,src/revision_subgroups.py,any_raw_ischemic_episode,raw_ischemic_overlap,
LTST subgroup,hr_episode_vs_baseline,,-7.957346925042734,2.422294080846348,,,,-2.4868458483920586,,160.0,,,16.0,,,,,,,,median_signed_resid_ms,,,,,revision_work/analysis/subgroup_effects.csv,src/revision_subgroups.py,no_annotated_ischemic_episode,raw_ischemic_overlap,
LTST subgroup,episode_state_x_raw_ischemic_overlap,,-8.792651501991408,3.914701274756413,,,,-2.438975113617497,,218.0,,,25.0,,,,,,,,median_signed_resid_ms,,0.4337050287640713,,,revision_work/analysis/subgroup_effects.csv,src/revision_subgroups.py,difference_in_hr_episode_effect,interaction,
LTST subgroup,hr_episode_vs_baseline,,-7.21421405990255,-2.2312109873610284,,,,-4.925820962009555,,58.0,,,9.0,,,,,,,,median_signed_resid_ms,,,,,revision_work/analysis/subgroup_effects.csv,src/revision_subgroups.py,any_retained_ischemic_episode,retained_ischemic_overlap,
LTST subgroup,hr_episode_vs_baseline,,-7.957346925042734,2.422294080846348,,,,-2.4868458483920586,,160.0,,,16.0,,,,,,,,median_signed_resid_ms,,,,,revision_work/analysis/subgroup_effects.csv,src/revision_subgroups.py,no_annotated_ischemic_episode,retained_ischemic_overlap,
LTST subgroup,episode_state_x_retained_ischemic_overlap,,-8.792651501991408,3.914701274756413,,,,-2.438975113617497,,218.0,,,25.0,,,,,,,,median_signed_resid_ms,,0.4337050287640713,,,revision_work/analysis/subgroup_effects.csv,src/revision_subgroups.py,difference_in_hr_episode_effect,interaction,
LTST subgroup,hr_episode_vs_baseline_exploratory_clinical,,-10.038308210083226,-2.563555229010132,,,,-6.319488999367329,,35.0,,,8.0,,,,,,,,median_signed_resid_ms,,,,,revision_work/analysis/subgroup_effects.csv,src/revision_subgroups.py,documented_present,coronary_disease_status,
LTST subgroup,hr_episode_vs_baseline_exploratory_clinical,,-4.654896353038966,5.736357415425224,,,,0.2975889532496525,,83.0,,,8.0,,,,,,,,median_signed_resid_ms,,,,,revision_work/analysis/subgroup_effects.csv,src/revision_subgroups.py,explicitly_documented_absent,coronary_disease_status,
LTST subgroup,hr_episode_vs_baseline_exploratory_clinical,,-11.767831064896056,2.0639283849244423,,,,-3.994080207046392,,100.0,,,9.0,,,,,,,,median_signed_resid_ms,,,,,revision_work/analysis/subgroup_effects.csv,src/revision_subgroups.py,unknown_or_insufficient,coronary_disease_status,
LTST subgroup,episode_vs_baseline_rate_dynamic_adjusted,,2.918782441260446,8.101583981900575,,,,5.510183211580511,,1060.0,,,60.0,,,,,,,,mean_abs_resid_ms,,3.0790747716122086e-05,,,revision_work/analysis/subgroup_effects.csv,src/revision_subgroups.py,ischemic,episode_type,
LTST subgroup,episode_vs_baseline_rate_dynamic_adjusted,,2.284333424098224,7.8264973662069455,,,,5.055415395152584,,1060.0,,,60.0,,,,,,,,median_abs_resid_ms,,0.0003493525989536,,,revision_work/analysis/subgroup_effects.csv,src/revision_subgroups.py,ischemic,episode_type,
LTST subgroup,episode_vs_baseline_rate_dynamic_adjusted,,-4.6093394610330085,4.2046607182843365,,,,-0.2023393713743363,,1060.0,,,60.0,,,,,,,,mean_signed_resid_ms,,0.9282966143439668,,,revision_work/analysis/subgroup_effects.csv,src/revision_subgroups.py,ischemic,episode_type,
LTST subgroup,episode_vs_baseline_rate_dynamic_adjusted,,-4.662276461148283,4.67035669474665,,,,0.0040401167991834,,1060.0,,,60.0,,,,,,,,median_signed_resid_ms,,0.9986460342911196,,,revision_work/analysis/subgroup_effects.csv,src/revision_subgroups.py,ischemic,episode_type,
LTST subgroup,episode_vs_baseline_rate_dynamic_adjusted,,-0.5039733331532594,4.969860128092604,,,,2.232943397469672,,218.0,,,25.0,,,,,,,,mean_abs_resid_ms,,0.1098077121205281,,,revision_work/analysis/subgroup_effects.csv,src/revision_subgroups.py,rate_related,episode_type,
LTST subgroup,episode_vs_baseline_rate_dynamic_adjusted,,-0.7270966481208783,3.91760913768577,,,,1.595256244782446,,218.0,,,25.0,,,,,,,,median_abs_resid_ms,,0.1781973064953484,,,revision_work/analysis/subgroup_effects.csv,src/revision_subgroups.py,rate_related,episode_type,
LTST subgroup,episode_vs_baseline_rate_dynamic_adjusted,,-4.061882530405663,2.8617311641285768,,,,-0.6000756831385434,,218.0,,,25.0,,,,,,,,mean_signed_resid_ms,,0.7340496232600089,,,revision_work/analysis/subgroup_effects.csv,src/revision_subgroups.py,rate_related,episode_type,
LTST subgroup,episode_vs_baseline_rate_dynamic_adjusted,,-4.162996021075864,2.65198959771938,,,,-0.7555032116782421,,218.0,,,25.0,,,,,,,,median_signed_resid_ms,,0.6638820455246586,,,revision_work/analysis/subgroup_effects.csv,src/revision_subgroups.py,rate_related,episode_type,
LTST subgroup,ischemic_vs_hr_rate_dynamic_adjusted,,-0.3279030264443694,12.196251553450194,,,,5.934174263502912,,1278.0,,,76.0,,,,,,,,mean_abs_resid_ms,,0.0629225948413134,,,revision_work/analysis/subgroup_effects.csv,src/revision_subgroups.py,ischemic_minus_hr,episode_label,
LTST subgroup,ischemic_vs_hr_rate_dynamic_adjusted,,-0.479615223945653,10.923789624493924,,,,5.222087200274135,,1278.0,,,76.0,,,,,,,,median_abs_resid_ms,,0.0720544565774853,,,revision_work/analysis/subgroup_effects.csv,src/revision_subgroups.py,ischemic_minus_hr,episode_label,
LTST subgroup,ischemic_vs_hr_rate_dynamic_adjusted,,-6.971766843045732,5.920421589500682,,,,-0.5256726267725245,,1278.0,,,76.0,,,,,,,,mean_signed_resid_ms,,0.8713852757522025,,,revision_work/analysis/subgroup_effects.csv,src/revision_subgroups.py,ischemic_minus_hr,episode_label,
LTST subgroup,ischemic_vs_hr_rate_dynamic_adjusted,,-6.073037817165145,6.514411836944739,,,,0.2206870098897969,,1278.0,,,76.0,,,,,,,,median_signed_resid_ms,,0.9444971456686816,,,revision_work/analysis/subgroup_effects.csv,src/revision_subgroups.py,ischemic_minus_hr,episode_label,
LTST sensitivity,sta_individualized,,4.516291521148867,9.793430845050567,,ischemic_vs_baseline,,7.154861183099718,,1571.0,,,62.0,,,,,,,,mean_abs_resid_ms,,1.065047717557175e-06,,,revision_work/analysis/sensitivity_effects.csv,src/revision_residual_reanalysis.py,,,
LTST sensitivity,sta_individualized,,0.4086565960560584,5.095093882993364,,hr_vs_baseline,,2.7518752395247112,,478.0,,,29.0,,,,,,,,mean_abs_resid_ms,,0.0229946415015121,,,revision_work/analysis/sensitivity_effects.csv,src/revision_residual_reanalysis.py,,,
LTST sensitivity,sta_individualized,,1.482507402511282,10.448526972755708,,ischemic_vs_hr,,5.965517187633495,,2049.0,,,78.0,,,,,,,,mean_abs_resid_ms,,0.0097247119484996,,,revision_work/analysis/sensitivity_effects.csv,src/revision_residual_reanalysis.py,,,
LTST sensitivity,sta_individualized,,-7.2130556303361235,0.9010023703746656,,ischemic_vs_baseline,,-3.156026629980729,,1571.0,,,62.0,,,,,,,,mean_signed_resid_ms,,0.1249912828836602,,,revision_work/analysis/sensitivity_effects.csv,src/revision_residual_reanalysis.py,,,
LTST sensitivity,sta_individualized,,-5.090313566622118,2.388812547022627,,hr_vs_baseline,,-1.3507505097997454,,478.0,,,29.0,,,,,,,,mean_signed_resid_ms,,0.4655221399023686,,,revision_work/analysis/sensitivity_effects.csv,src/revision_residual_reanalysis.py,,,
LTST sensitivity,sta_individualized,,-8.917225304848847,2.900095272856886,,ischemic_vs_hr,,-3.0085650159959805,,2049.0,,,78.0,,,,,,,,mean_signed_resid_ms,,0.3143073698383566,,,revision_work/analysis/sensitivity_effects.csv,src/revision_residual_reanalysis.py,,,
LTST sensitivity,stb_expanded_grid,,4.494006561458143,10.116617864133389,,ischemic_vs_baseline,,7.305312212795765,,1026.0,,,59.0,,,,,,,,mean_abs_resid_ms,,2.695548009043536e-06,,,revision_work/analysis/sensitivity_effects.csv,src/revision_residual_reanalysis.py,,,
LTST sensitivity,stb_expanded_grid,,1.78477466765049,6.528646024490913,,hr_vs_baseline,,4.156710346070701,,220.0,,,25.0,,,,,,,,mean_abs_resid_ms,,0.0013784320473552,,,revision_work/analysis/sensitivity_effects.csv,src/revision_residual_reanalysis.py,,,
LTST sensitivity,stb_expanded_grid,,-0.8832266723287132,9.593355833348514,,ischemic_vs_hr,,4.3550645805099,,1246.0,,,75.0,,,,,,,,mean_abs_resid_ms,,0.1013593374411316,,,revision_work/analysis/sensitivity_effects.csv,src/revision_residual_reanalysis.py,,,
LTST sensitivity,stb_expanded_grid,,-7.201068267290095,1.6555478383766131,,ischemic_vs_baseline,,-2.7727602144567407,,1026.0,,,59.0,,,,,,,,mean_signed_resid_ms,,0.2151022572995717,,,revision_work/analysis/sensitivity_effects.csv,src/revision_residual_reanalysis.py,,,
LTST sensitivity,stb_expanded_grid,,-5.576071846905453,0.8750120692693586,,hr_vs_baseline,,-2.3505298888180475,,220.0,,,25.0,,,,,,,,mean_signed_resid_ms,,0.1456250083428358,,,revision_work/analysis/sensitivity_effects.csv,src/revision_residual_reanalysis.py,,,
LTST sensitivity,stb_expanded_grid,,-7.18030590472864,7.302368534770781,,ischemic_vs_hr,,0.0610313150210704,,1246.0,,,75.0,,,,,,,,mean_signed_resid_ms,,0.9866323813938294,,,revision_work/analysis/sensitivity_effects.csv,src/revision_residual_reanalysis.py,,,
LTST sensitivity,stb_fixed_120s,,5.689108625540753,9.688477149927245,,ischemic_vs_baseline,,7.688792887733999,,810.0,,,58.0,,,,,,,,mean_abs_resid_ms,,2.1721539148695335e-10,,,revision_work/analysis/sensitivity_effects.csv,src/revision_residual_reanalysis.py,,,
LTST sensitivity,stb_fixed_120s,,3.2290866558692786,11.801252767055626,,hr_vs_baseline,,7.515169711462452,,157.0,,,25.0,,,,,,,,mean_abs_resid_ms,,0.0013718333079148,,,revision_work/analysis/sensitivity_effects.csv,src/revision_residual_reanalysis.py,,,
LTST sensitivity,stb_fixed_120s,,-2.9619132287959795,9.095794173837255,,ischemic_vs_hr,,3.0669404725206384,,967.0,,,74.0,,,,,,,,mean_abs_resid_ms,,0.3110039225191832,,,revision_work/analysis/sensitivity_effects.csv,src/revision_residual_reanalysis.py,,,
LTST sensitivity,stb_fixed_120s,,-9.684470530296338,-1.1214053052466832,,ischemic_vs_baseline,,-5.402937917771511,,810.0,,,58.0,,,,,,,,mean_signed_resid_ms,,0.0143054885961571,,,revision_work/analysis/sensitivity_effects.csv,src/revision_residual_reanalysis.py,,,
LTST sensitivity,stb_fixed_120s,,-15.726301494958117,-2.9742756037955718,,hr_vs_baseline,,-9.350288549376844,,157.0,,,25.0,,,,,,,,mean_signed_resid_ms,,0.0058242804421401,,,revision_work/analysis/sensitivity_effects.csv,src/revision_residual_reanalysis.py,,,
LTST sensitivity,stb_fixed_120s,,-8.406040333651008,8.710744303857203,,ischemic_vs_hr,,0.1523519851030972,,967.0,,,74.0,,,,,,,,mean_signed_resid_ms,,0.9716769341612196,,,revision_work/analysis/sensitivity_effects.csv,src/revision_residual_reanalysis.py,,,
LTST sensitivity,stb_fixed_180s,,6.323853673015146,10.665554369795826,,ischemic_vs_baseline,,8.494704021405486,,630.0,,,54.0,,,,,,,,mean_abs_resid_ms,,1.9534570253053166e-10,,,revision_work/analysis/sensitivity_effects.csv,src/revision_residual_reanalysis.py,,,
LTST sensitivity,stb_fixed_180s,,3.405168372959253,12.312683033992556,,hr_vs_baseline,,7.858925703475904,,130.0,,,22.0,,,,,,,,mean_abs_resid_ms,,0.0014274862768386,,,revision_work/analysis/sensitivity_effects.csv,src/revision_residual_reanalysis.py,,,
LTST sensitivity,stb_fixed_180s,,-4.875038556374342,8.15652920675604,,ischemic_vs_hr,,1.6407453251908493,,760.0,,,71.0,,,,,,,,mean_abs_resid_ms,,0.6132653630263819,,,revision_work/analysis/sensitivity_effects.csv,src/revision_residual_reanalysis.py,,,
LTST sensitivity,stb_fixed_180s,,-11.772767995875975,-3.2949798615545696,,ischemic_vs_baseline,,-7.533873928715273,,630.0,,,54.0,,,,,,,,mean_signed_resid_ms,,0.0007807941095721,,,revision_work/analysis/sensitivity_effects.csv,src/revision_residual_reanalysis.py,,,
LTST sensitivity,stb_fixed_180s,,-16.47443075914244,-3.609343202670832,,hr_vs_baseline,,-10.041886980906636,,130.0,,,22.0,,,,,,,,mean_signed_resid_ms,,0.0038627441007772,,,revision_work/analysis/sensitivity_effects.csv,src/revision_residual_reanalysis.py,,,
LTST sensitivity,stb_fixed_180s,,-11.64333865752705,6.036619481438405,,ischemic_vs_hr,,-2.803359588044322,,760.0,,,71.0,,,,,,,,mean_signed_resid_ms,,0.5264394586492794,,,revision_work/analysis/sensitivity_effects.csv,src/revision_residual_reanalysis.py,,,
LTST sensitivity,stb_fixed_30s,,4.32849265465822,10.749448892753316,,ischemic_vs_baseline,,7.538970773705768,,1117.0,,,61.0,,,,,,,,mean_abs_resid_ms,,1.5811544352674395e-05,,,revision_work/analysis/sensitivity_effects.csv,src/revision_residual_reanalysis.py,,,
LTST sensitivity,stb_fixed_30s,,1.024788884795222,7.202291298624929,,hr_vs_baseline,,4.113540091710076,,227.0,,,26.0,,,,,,,,mean_abs_resid_ms,,0.0110973328568948,,,revision_work/analysis/sensitivity_effects.csv,src/revision_residual_reanalysis.py,,,
LTST sensitivity,stb_fixed_30s,,-2.85893196025037,10.513126342779533,,ischemic_vs_hr,,3.827097191264581,,1344.0,,,77.0,,,,,,,,mean_abs_resid_ms,,0.2566357391399896,,,revision_work/analysis/sensitivity_effects.csv,src/revision_residual_reanalysis.py,,,
LTST sensitivity,stb_fixed_30s,,-8.74634575872956,0.3589178580352579,,ischemic_vs_baseline,,-4.193713950347152,,1117.0,,,61.0,,,,,,,,mean_signed_resid_ms,,0.0703296532493832,,,revision_work/analysis/sensitivity_effects.csv,src/revision_residual_reanalysis.py,,,
LTST sensitivity,stb_fixed_30s,,-6.885731973016365,2.4393526368444336,,hr_vs_baseline,,-2.2231896680859657,,227.0,,,26.0,,,,,,,,mean_signed_resid_ms,,0.3354951087470062,,,revision_work/analysis/sensitivity_effects.csv,src/revision_residual_reanalysis.py,,,
LTST sensitivity,stb_fixed_30s,,-10.247035053967329,7.316563255342336,,ischemic_vs_hr,,-1.4652358993124963,,1344.0,,,77.0,,,,,,,,mean_signed_resid_ms,,0.7399635862628025,,,revision_work/analysis/sensitivity_effects.csv,src/revision_residual_reanalysis.py,,,
LTST sensitivity,stb_fixed_60s,,4.499060832946675,9.495562719519183,,ischemic_vs_baseline,,6.997311776232929,,1038.0,,,60.0,,,,,,,,mean_abs_resid_ms,,5.798856339664594e-07,,,revision_work/analysis/sensitivity_effects.csv,src/revision_residual_reanalysis.py,,,
LTST sensitivity,stb_fixed_60s,,1.864994793771837,7.829660571086377,,hr_vs_baseline,,4.847327682429107,,198.0,,,25.0,,,,,,,,mean_abs_resid_ms,,0.0026357633954912,,,revision_work/analysis/sensitivity_effects.csv,src/revision_residual_reanalysis.py,,,
LTST sensitivity,stb_fixed_60s,,-0.9424593895305432,10.260681308902535,,ischemic_vs_hr,,4.6591109596859965,,1236.0,,,76.0,,,,,,,,mean_abs_resid_ms,,0.101485410171032,,,revision_work/analysis/sensitivity_effects.csv,src/revision_residual_reanalysis.py,,,
LTST sensitivity,stb_fixed_60s,,-8.868013031198428,-1.0886113272139988,,ischemic_vs_baseline,,-4.978312179206213,,1038.0,,,60.0,,,,,,,,mean_signed_resid_ms,,0.0130142749148717,,,revision_work/analysis/sensitivity_effects.csv,src/revision_residual_reanalysis.py,,,
LTST sensitivity,stb_fixed_60s,,-8.41587296915651,-0.2374209685748685,,hr_vs_baseline,,-4.326646968865689,,198.0,,,25.0,,,,,,,,mean_signed_resid_ms,,0.0389898689766636,,,revision_work/analysis/sensitivity_effects.csv,src/revision_residual_reanalysis.py,,,
LTST sensitivity,stb_fixed_60s,,-10.759955128674882,3.752250014293048,,ischemic_vs_hr,,-3.5038525571909167,,1236.0,,,76.0,,,,,,,,mean_signed_resid_ms,,0.3391066292041084,,,revision_work/analysis/sensitivity_effects.csv,src/revision_residual_reanalysis.py,,,
LTST sensitivity,stb_individualized,,4.615547351021146,10.732359011468796,,ischemic_vs_baseline,,7.67395318124497,,1060.0,,,60.0,,,,,,,,mean_abs_resid_ms,,5.051606756331477e-06,,,revision_work/analysis/sensitivity_effects.csv,src/revision_residual_reanalysis.py,,,
LTST sensitivity,stb_individualized,,2.091338445902402,7.058401857683192,,hr_vs_baseline,,4.574870151792797,,218.0,,,25.0,,,,,,,,mean_abs_resid_ms,,0.0008679559365893,,,revision_work/analysis/sensitivity_effects.csv,src/revision_residual_reanalysis.py,,,
LTST sensitivity,stb_individualized,,-0.732116768847666,10.463166064474668,,ischemic_vs_hr,,4.865524647813501,,1278.0,,,76.0,,,,,,,,mean_abs_resid_ms,,0.0872143506850246,,,revision_work/analysis/sensitivity_effects.csv,src/revision_residual_reanalysis.py,,,
LTST sensitivity,stb_individualized,,-7.838488778959284,1.3688870193060874,,ischemic_vs_baseline,,-3.234800879826598,,1060.0,,,60.0,,,,,,,,mean_signed_resid_ms,,0.1649666053453213,,,revision_work/analysis/sensitivity_effects.csv,src/revision_residual_reanalysis.py,,,
LTST sensitivity,stb_individualized,,-7.435340479476943,0.322617907242444,,hr_vs_baseline,,-3.5563612861172493,,218.0,,,25.0,,,,,,,,mean_signed_resid_ms,,0.0705830290954424,,,revision_work/analysis/sensitivity_effects.csv,src/revision_residual_reanalysis.py,,,
LTST sensitivity,stb_individualized,,-7.890504527682121,7.0813815903828745,,ischemic_vs_hr,,-0.4045614686496233,,1278.0,,,76.0,,,,,,,,mean_signed_resid_ms,,0.9145195102126226,,,revision_work/analysis/sensitivity_effects.csv,src/revision_residual_reanalysis.py,,,
LTST sensitivity,stc_individualized,,5.460246973347979,12.379949258011688,,ischemic_vs_baseline,,8.920098115679833,,824.0,,,58.0,,,,,,,,mean_abs_resid_ms,,3.217650446122843e-06,,,revision_work/analysis/sensitivity_effects.csv,src/revision_residual_reanalysis.py,,,
LTST sensitivity,stc_individualized,,2.2614111555925764,7.989210974799862,,hr_vs_baseline,,5.125311065196219,,109.0,,,22.0,,,,,,,,mean_abs_resid_ms,,0.001261269167587,,,revision_work/analysis/sensitivity_effects.csv,src/revision_residual_reanalysis.py,,,
LTST sensitivity,stc_individualized,,0.5772180215851543,12.138914245200668,,ischemic_vs_hr,,6.35806613339291,,933.0,,,75.0,,,,,,,,mean_abs_resid_ms,,0.0316575975172399,,,revision_work/analysis/sensitivity_effects.csv,src/revision_residual_reanalysis.py,,,
LTST sensitivity,stc_individualized,,-11.16359373484844,-0.4491472844944937,,ischemic_vs_baseline,,-5.806370509671467,,824.0,,,58.0,,,,,,,,mean_signed_resid_ms,,0.0341609738025748,,,revision_work/analysis/sensitivity_effects.csv,src/revision_residual_reanalysis.py,,,
LTST sensitivity,stc_individualized,,-10.73068992218348,-0.2527015815994904,,hr_vs_baseline,,-5.491695751891485,,109.0,,,22.0,,,,,,,,mean_signed_resid_ms,,0.0407876003460611,,,revision_work/analysis/sensitivity_effects.csv,src/revision_residual_reanalysis.py,,,
LTST sensitivity,stc_individualized,,-9.711034263980547,5.2874317358992124,,ischemic_vs_hr,,-2.211801264040667,,933.0,,,75.0,,,,,,,,mean_signed_resid_ms,,0.5584861966565314,,,revision_work/analysis/sensitivity_effects.csv,src/revision_residual_reanalysis.py,,,
EDB,EDB_001,subject_equal_weight,5.3183075964728825,13.581248524269416,,generic_st_episode_vs_baseline,,9.07106459990919,,200.0,,,48.0,,,,subject_mean_with_subject_bootstrap,,,,mean_abs_resid_ms,,9.999000099990002e-05,,,revision_work/analysis/edb_hierarchical_effects.csv,src/revision_edb_statistics.py,,,equal_subject
EDB,EDB_002,subject_equal_weight,6.147237028501048,15.193241555914248,,generic_st_episode_vs_baseline,,10.237594626588216,,200.0,,,48.0,,,,subject_mean_with_subject_bootstrap,,,,median_abs_resid_ms,,9.999000099990002e-05,,,revision_work/analysis/edb_hierarchical_effects.csv,src/revision_edb_statistics.py,,,equal_subject
EDB,EDB_003,subject_equal_weight,-15.550013571366437,-2.1641111900450936,,generic_st_episode_vs_baseline,,-8.646586242025244,,200.0,,,48.0,,,,subject_mean_with_subject_bootstrap,,,,mean_signed_resid_ms,,0.0100989901009899,,,revision_work/analysis/edb_hierarchical_effects.csv,src/revision_edb_statistics.py,,,equal_subject
EDB,EDB_004,subject_equal_weight,-15.98090525439482,-1.5933489664493612,,generic_st_episode_vs_baseline,,-8.54920923137342,,200.0,,,48.0,,,,subject_mean_with_subject_bootstrap,,,,median_signed_resid_ms,,0.0182981701829817,,,revision_work/analysis/edb_hierarchical_effects.csv,src/revision_edb_statistics.py,,,equal_subject
EDB,EDB_005,beat,3.786930008926642,11.54383173195428,CR1; t reference with G-1 df,generic_st_episode_vs_baseline,,7.665380870440461,,,ischemic,,48.0,,,,cluster_robust_wls,,,186620.0,abs_resid_ms,,0.000240256485395,matched_baseline,,revision_work/analysis/edb_hierarchical_effects.csv,src/revision_edb_statistics.py,,,unweighted
EDB,EDB_006,beat,3.873179166896087,11.368406125245846,CR1; t reference with G-1 df,generic_st_episode_vs_baseline,,7.620792646070966,,,ischemic,,48.0,,,,cluster_robust_wls,,,186620.0,abs_resid_ms,,0.000167172920706,matched_baseline,,revision_work/analysis/edb_hierarchical_effects.csv,src/revision_edb_statistics.py,,,inverse_qt_variance
EDB,EDB_007,beat,-12.359838377612276,1.7065653029481958,CR1; t reference with G-1 df,generic_st_episode_vs_baseline,,-5.32663653733204,,,ischemic,,48.0,,,,cluster_robust_wls,,,186620.0,resid_ms,,0.1343087109826013,matched_baseline,,revision_work/analysis/edb_hierarchical_effects.csv,src/revision_edb_statistics.py,,,unweighted
EDB,EDB_008,beat,-12.182716601710572,2.151995853592465,CR1; t reference with G-1 df,generic_st_episode_vs_baseline,,-5.015360374059053,,,ischemic,,48.0,,,,cluster_robust_wls,,,186620.0,resid_ms,,0.1657949842736231,matched_baseline,,revision_work/analysis/edb_hierarchical_effects.csv,src/revision_edb_statistics.py,,,inverse_qt_variance
direct QT accuracy/covariance,QTACC_001,annotated_beat,,,,,,23.890512139595987,,,,,,,,,same_protocol_validation,,391.0,391.0,qt_mae_ms,,,,same_protocol_validation,revision_work/analysis/direct_qt_accuracy_covariance.csv,src/revision_qt_uncertainty.py,,,
direct QT accuracy/covariance,QTACC_002,annotated_beat,,,,,,29.517652570344584,,,,,,,,,fully_held_out_annotator_1,,487.0,487.0,qt_mae_ms,,,,fully_held_out_annotator_1,revision_work/analysis/direct_qt_accuracy_covariance.csv,src/revision_qt_uncertainty.py,,,
direct QT accuracy/covariance,QTACC_003,annotated_beat,,,,,,24.77522847189832,,,,,,,,,fully_held_out_annotator_2,,402.0,402.0,qt_mae_ms,,,,fully_held_out_annotator_2,revision_work/analysis/direct_qt_accuracy_covariance.csv,src/revision_qt_uncertainty.py,,,
direct QT accuracy/covariance,QTACC_004,annotated_beat,,,,,,18.00543212890625,,,,,,,,,same_protocol_validation,,391.0,391.0,qt_median_ae_ms,,,,same_protocol_validation,revision_work/analysis/direct_qt_accuracy_covariance.csv,src/revision_qt_uncertainty.py,,,
direct QT accuracy/covariance,QTACC_005,annotated_beat,,,,,,21.6976318359375,,,,,,,,,fully_held_out_annotator_1,,487.0,487.0,qt_median_ae_ms,,,,fully_held_out_annotator_1,revision_work/analysis/direct_qt_accuracy_covariance.csv,src/revision_qt_uncertainty.py,,,
direct QT accuracy/covariance,QTACC_006,annotated_beat,,,,,,20.959991455078125,,,,,,,,,fully_held_out_annotator_2,,402.0,402.0,qt_median_ae_ms,,,,fully_held_out_annotator_2,revision_work/analysis/direct_qt_accuracy_covariance.csv,src/revision_qt_uncertainty.py,,,
direct QT accuracy/covariance,QTACC_007,annotated_beat,,,,,,-3.484944609424952,,,,,,,,,same_protocol_validation,,391.0,391.0,qt_bias_ms,,,,same_protocol_validation,revision_work/analysis/direct_qt_accuracy_covariance.csv,src/revision_qt_uncertainty.py,,,
direct QT accuracy/covariance,QTACC_008,annotated_beat,,,,,,3.282365677537859,,,,,,,,,fully_held_out_annotator_1,,487.0,487.0,qt_bias_ms,,,,fully_held_out_annotator_1,revision_work/analysis/direct_qt_accuracy_covariance.csv,src/revision_qt_uncertainty.py,,,
direct QT accuracy/covariance,QTACC_009,annotated_beat,,,,,,-7.311746018442942,,,,,,,,,fully_held_out_annotator_2,,402.0,402.0,qt_bias_ms,,,,fully_held_out_annotator_2,revision_work/analysis/direct_qt_accuracy_covariance.csv,src/revision_qt_uncertainty.py,,,
direct QT accuracy/covariance,QTACC_010,annotated_beat,,,,,,30.95991853589064,,,,,,,,,same_protocol_validation,,391.0,391.0,qt_rmse_ms,,,,same_protocol_validation,revision_work/analysis/direct_qt_accuracy_covariance.csv,src/revision_qt_uncertainty.py,,,
direct QT accuracy/covariance,QTACC_011,annotated_beat,,,,,,39.17383428759895,,,,,,,,,fully_held_out_annotator_1,,487.0,487.0,qt_rmse_ms,,,,fully_held_out_annotator_1,revision_work/analysis/direct_qt_accuracy_covariance.csv,src/revision_qt_uncertainty.py,,,
direct QT accuracy/covariance,QTACC_012,annotated_beat,,,,,,36.2486416898722,,,,,,,,,fully_held_out_annotator_2,,402.0,402.0,qt_rmse_ms,,,,fully_held_out_annotator_2,revision_work/analysis/direct_qt_accuracy_covariance.csv,src/revision_qt_uncertainty.py,,,
direct QT accuracy/covariance,QTACC_013,annotated_beat,,,,,,158.99349098112808,,,,,,,,,same_protocol_validation,,391.0,391.0,qrs_t_error_covariance_ms2,,,,same_protocol_validation,revision_work/analysis/direct_qt_accuracy_covariance.csv,src/revision_qt_uncertainty.py,,,
direct QT accuracy/covariance,QTACC_014,annotated_beat,,,,,,1068.5483502912898,,,,,,,,,fully_held_out_annotator_1,,487.0,487.0,qrs_t_error_covariance_ms2,,,,fully_held_out_annotator_1,revision_work/analysis/direct_qt_accuracy_covariance.csv,src/revision_qt_uncertainty.py,,,
direct QT accuracy/covariance,QTACC_015,annotated_beat,,,,,,163.34315038802248,,,,,,,,,fully_held_out_annotator_2,,402.0,402.0,qrs_t_error_covariance_ms2,,,,fully_held_out_annotator_2,revision_work/analysis/direct_qt_accuracy_covariance.csv,src/revision_qt_uncertainty.py,,,
direct QT accuracy/covariance,QTACC_016,annotated_beat,,,,,,0.3805509895232012,,,,,,,,,same_protocol_validation,,391.0,391.0,qrs_t_error_correlation,,,,same_protocol_validation,revision_work/analysis/direct_qt_accuracy_covariance.csv,src/revision_qt_uncertainty.py,,,
direct QT accuracy/covariance,QTACC_017,annotated_beat,,,,,,0.7182645785883657,,,,,,,,,fully_held_out_annotator_1,,487.0,487.0,qrs_t_error_correlation,,,,fully_held_out_annotator_1,revision_work/analysis/direct_qt_accuracy_covariance.csv,src/revision_qt_uncertainty.py,,,
direct QT accuracy/covariance,QTACC_018,annotated_beat,,,,,,0.2491245847066664,,,,,,,,,fully_held_out_annotator_2,,402.0,402.0,qrs_t_error_correlation,,,,fully_held_out_annotator_2,revision_work/analysis/direct_qt_accuracy_covariance.csv,src/revision_qt_uncertainty.py,,,
direct QT accuracy/covariance,QTACC_019,annotated_beat,,,,,,0.3536775892439397,,,,,,,,,same_protocol_validation,,391.0,391.0,standardized_error_correlation,,,,same_protocol_validation,revision_work/analysis/direct_qt_accuracy_covariance.csv,src/revision_qt_uncertainty.py,,,
direct QT accuracy/covariance,QTACC_020,annotated_beat,,,,,,0.6981906555831414,,,,,,,,,fully_held_out_annotator_1,,487.0,487.0,standardized_error_correlation,,,,fully_held_out_annotator_1,revision_work/analysis/direct_qt_accuracy_covariance.csv,src/revision_qt_uncertainty.py,,,
direct QT accuracy/covariance,QTACC_021,annotated_beat,,,,,,0.2546520281534415,,,,,,,,,fully_held_out_annotator_2,,402.0,402.0,standardized_error_correlation,,,,fully_held_out_annotator_2,revision_work/analysis/direct_qt_accuracy_covariance.csv,src/revision_qt_uncertainty.py,,,
direct QT accuracy/covariance,QTACC_022,annotated_beat,,,,,,0.3536775892439397,,,,,,,,,same_protocol_validation,,391.0,391.0,calibration_standardized_correlation_used,,,,same_protocol_validation,revision_work/analysis/direct_qt_accuracy_covariance.csv,src/revision_qt_uncertainty.py,,,
direct QT accuracy/covariance,QTACC_023,annotated_beat,,,,,,0.3536775892439397,,,,,,,,,fully_held_out_annotator_1,,487.0,487.0,calibration_standardized_correlation_used,,,,fully_held_out_annotator_1,revision_work/analysis/direct_qt_accuracy_covariance.csv,src/revision_qt_uncertainty.py,,,
direct QT accuracy/covariance,QTACC_024,annotated_beat,,,,,,0.3536775892439397,,,,,,,,,fully_held_out_annotator_2,,402.0,402.0,calibration_standardized_correlation_used,,,,fully_held_out_annotator_2,revision_work/analysis/direct_qt_accuracy_covariance.csv,src/revision_qt_uncertainty.py,,,
direct QT accuracy/covariance,QTACC_025,annotated_beat,,,,,,33.30794527119361,,,,,,,,,same_protocol_validation,,391.0,391.0,mean_qt_sigma_independence_ms,,,,same_protocol_validation,revision_work/analysis/direct_qt_accuracy_covariance.csv,src/revision_qt_uncertainty.py,,,
direct QT accuracy/covariance,QTACC_026,annotated_beat,,,,,,33.79976724428616,,,,,,,,,fully_held_out_annotator_1,,487.0,487.0,mean_qt_sigma_independence_ms,,,,fully_held_out_annotator_1,revision_work/analysis/direct_qt_accuracy_covariance.csv,src/revision_qt_uncertainty.py,,,
direct QT accuracy/covariance,QTACC_027,annotated_beat,,,,,,33.42451240217057,,,,,,,,,fully_held_out_annotator_2,,402.0,402.0,mean_qt_sigma_independence_ms,,,,fully_held_out_annotator_2,revision_work/analysis/direct_qt_accuracy_covariance.csv,src/revision_qt_uncertainty.py,,,
direct QT accuracy/covariance,QTACC_028,annotated_beat,,,,,,28.051736486493517,,,,,,,,,same_protocol_validation,,391.0,391.0,mean_qt_sigma_covariance_aware_ms,,,,same_protocol_validation,revision_work/analysis/direct_qt_accuracy_covariance.csv,src/revision_qt_uncertainty.py,,,
direct QT accuracy/covariance,QTACC_029,annotated_beat,,,,,,28.45999116420378,,,,,,,,,fully_held_out_annotator_1,,487.0,487.0,mean_qt_sigma_covariance_aware_ms,,,,fully_held_out_annotator_1,revision_work/analysis/direct_qt_accuracy_covariance.csv,src/revision_qt_uncertainty.py,,,
direct QT accuracy/covariance,QTACC_030,annotated_beat,,,,,,28.12840927167906,,,,,,,,,fully_held_out_annotator_2,,402.0,402.0,mean_qt_sigma_covariance_aware_ms,,,,fully_held_out_annotator_2,revision_work/analysis/direct_qt_accuracy_covariance.csv,src/revision_qt_uncertainty.py,,,
direct QT prediction interval coverage,QTPICP_001,annotated_beat,,,,,,0.5703324808184144,,,,,,,,independence,same_protocol_validation; independence,,391.0,391.0,picp_50,,,,same_protocol_validation,revision_work/analysis/direct_qt_picp.csv,src/revision_qt_uncertainty.py,,,
direct QT prediction interval coverage,QTPICP_002,annotated_beat,,,,,,0.5089514066496164,,,,,,,,covariance_aware,same_protocol_validation; covariance_aware,,391.0,391.0,picp_50,,,,same_protocol_validation,revision_work/analysis/direct_qt_picp.csv,src/revision_qt_uncertainty.py,,,
direct QT prediction interval coverage,QTPICP_003,annotated_beat,,,,,,0.5051334702258727,,,,,,,,independence,fully_held_out_annotator_1; independence,,487.0,487.0,picp_50,,,,fully_held_out_annotator_1,revision_work/analysis/direct_qt_picp.csv,src/revision_qt_uncertainty.py,,,
direct QT prediction interval coverage,QTPICP_004,annotated_beat,,,,,,0.4455852156057495,,,,,,,,covariance_aware,fully_held_out_annotator_1; covariance_aware,,487.0,487.0,picp_50,,,,fully_held_out_annotator_1,revision_work/analysis/direct_qt_picp.csv,src/revision_qt_uncertainty.py,,,
direct QT prediction interval coverage,QTPICP_005,annotated_beat,,,,,,0.5522388059701493,,,,,,,,independence,fully_held_out_annotator_2; independence,,402.0,402.0,picp_50,,,,fully_held_out_annotator_2,revision_work/analysis/direct_qt_picp.csv,src/revision_qt_uncertainty.py,,,
direct QT prediction interval coverage,QTPICP_006,annotated_beat,,,,,,0.4751243781094527,,,,,,,,covariance_aware,fully_held_out_annotator_2; covariance_aware,,402.0,402.0,picp_50,,,,fully_held_out_annotator_2,revision_work/analysis/direct_qt_picp.csv,src/revision_qt_uncertainty.py,,,
direct QT prediction interval coverage,QTPICP_007,annotated_beat,,,,,,0.7416879795396419,,,,,,,,independence,same_protocol_validation; independence,,391.0,391.0,picp_68,,,,same_protocol_validation,revision_work/analysis/direct_qt_picp.csv,src/revision_qt_uncertainty.py,,,
direct QT prediction interval coverage,QTPICP_008,annotated_beat,,,,,,0.649616368286445,,,,,,,,covariance_aware,same_protocol_validation; covariance_aware,,391.0,391.0,picp_68,,,,same_protocol_validation,revision_work/analysis/direct_qt_picp.csv,src/revision_qt_uncertainty.py,,,
direct QT prediction interval coverage,QTPICP_009,annotated_beat,,,,,,0.6817248459958932,,,,,,,,independence,fully_held_out_annotator_1; independence,,487.0,487.0,picp_68,,,,fully_held_out_annotator_1,revision_work/analysis/direct_qt_picp.csv,src/revision_qt_uncertainty.py,,,
direct QT prediction interval coverage,QTPICP_010,annotated_beat,,,,,,0.5872689938398358,,,,,,,,covariance_aware,fully_held_out_annotator_1; covariance_aware,,487.0,487.0,picp_68,,,,fully_held_out_annotator_1,revision_work/analysis/direct_qt_picp.csv,src/revision_qt_uncertainty.py,,,
direct QT prediction interval coverage,QTPICP_011,annotated_beat,,,,,,0.7412935323383084,,,,,,,,independence,fully_held_out_annotator_2; independence,,402.0,402.0,picp_68,,,,fully_held_out_annotator_2,revision_work/analysis/direct_qt_picp.csv,src/revision_qt_uncertainty.py,,,
direct QT prediction interval coverage,QTPICP_012,annotated_beat,,,,,,0.6492537313432836,,,,,,,,covariance_aware,fully_held_out_annotator_2; covariance_aware,,402.0,402.0,picp_68,,,,fully_held_out_annotator_2,revision_work/analysis/direct_qt_picp.csv,src/revision_qt_uncertainty.py,,,
direct QT prediction interval coverage,QTPICP_013,annotated_beat,,,,,,0.8260869565217391,,,,,,,,independence,same_protocol_validation; independence,,391.0,391.0,picp_80,,,,same_protocol_validation,revision_work/analysis/direct_qt_picp.csv,src/revision_qt_uncertainty.py,,,
direct QT prediction interval coverage,QTPICP_014,annotated_beat,,,,,,0.7749360613810742,,,,,,,,covariance_aware,same_protocol_validation; covariance_aware,,391.0,391.0,picp_80,,,,same_protocol_validation,revision_work/analysis/direct_qt_picp.csv,src/revision_qt_uncertainty.py,,,
direct QT prediction interval coverage,QTPICP_015,annotated_beat,,,,,,0.7720739219712526,,,,,,,,independence,fully_held_out_annotator_1; independence,,487.0,487.0,picp_80,,,,fully_held_out_annotator_1,revision_work/analysis/direct_qt_picp.csv,src/revision_qt_uncertainty.py,,,
direct QT prediction interval coverage,QTPICP_016,annotated_beat,,,,,,0.7145790554414785,,,,,,,,covariance_aware,fully_held_out_annotator_1; covariance_aware,,487.0,487.0,picp_80,,,,fully_held_out_annotator_1,revision_work/analysis/direct_qt_picp.csv,src/revision_qt_uncertainty.py,,,
direct QT prediction interval coverage,QTPICP_017,annotated_beat,,,,,,0.8432835820895522,,,,,,,,independence,fully_held_out_annotator_2; independence,,402.0,402.0,picp_80,,,,fully_held_out_annotator_2,revision_work/analysis/direct_qt_picp.csv,src/revision_qt_uncertainty.py,,,
direct QT prediction interval coverage,QTPICP_018,annotated_beat,,,,,,0.7711442786069652,,,,,,,,covariance_aware,fully_held_out_annotator_2; covariance_aware,,402.0,402.0,picp_80,,,,fully_held_out_annotator_2,revision_work/analysis/direct_qt_picp.csv,src/revision_qt_uncertainty.py,,,
direct QT prediction interval coverage,QTPICP_019,annotated_beat,,,,,,0.9028132992327366,,,,,,,,independence,same_protocol_validation; independence,,391.0,391.0,picp_90,,,,same_protocol_validation,revision_work/analysis/direct_qt_picp.csv,src/revision_qt_uncertainty.py,,,
direct QT prediction interval coverage,QTPICP_020,annotated_beat,,,,,,0.8593350383631714,,,,,,,,covariance_aware,same_protocol_validation; covariance_aware,,391.0,391.0,picp_90,,,,same_protocol_validation,revision_work/analysis/direct_qt_picp.csv,src/revision_qt_uncertainty.py,,,
direct QT prediction interval coverage,QTPICP_021,annotated_beat,,,,,,0.8521560574948666,,,,,,,,independence,fully_held_out_annotator_1; independence,,487.0,487.0,picp_90,,,,fully_held_out_annotator_1,revision_work/analysis/direct_qt_picp.csv,src/revision_qt_uncertainty.py,,,
direct QT prediction interval coverage,QTPICP_022,annotated_beat,,,,,,0.784394250513347,,,,,,,,covariance_aware,fully_held_out_annotator_1; covariance_aware,,487.0,487.0,picp_90,,,,fully_held_out_annotator_1,revision_work/analysis/direct_qt_picp.csv,src/revision_qt_uncertainty.py,,,
direct QT prediction interval coverage,QTPICP_023,annotated_beat,,,,,,0.9203980099502488,,,,,,,,independence,fully_held_out_annotator_2; independence,,402.0,402.0,picp_90,,,,fully_held_out_annotator_2,revision_work/analysis/direct_qt_picp.csv,src/revision_qt_uncertainty.py,,,
direct QT prediction interval coverage,QTPICP_024,annotated_beat,,,,,,0.8681592039800995,,,,,,,,covariance_aware,fully_held_out_annotator_2; covariance_aware,,402.0,402.0,picp_90,,,,fully_held_out_annotator_2,revision_work/analysis/direct_qt_picp.csv,src/revision_qt_uncertainty.py,,,
direct QT prediction interval coverage,QTPICP_025,annotated_beat,,,,,,0.9667519181585678,,,,,,,,independence,same_protocol_validation; independence,,391.0,391.0,picp_95,,,,same_protocol_validation,revision_work/analysis/direct_qt_picp.csv,src/revision_qt_uncertainty.py,,,
direct QT prediction interval coverage,QTPICP_026,annotated_beat,,,,,,0.90537084398977,,,,,,,,covariance_aware,same_protocol_validation; covariance_aware,,391.0,391.0,picp_95,,,,same_protocol_validation,revision_work/analysis/direct_qt_picp.csv,src/revision_qt_uncertainty.py,,,
direct QT prediction interval coverage,QTPICP_027,annotated_beat,,,,,,0.9055441478439424,,,,,,,,independence,fully_held_out_annotator_1; independence,,487.0,487.0,picp_95,,,,fully_held_out_annotator_1,revision_work/analysis/direct_qt_picp.csv,src/revision_qt_uncertainty.py,,,
direct QT prediction interval coverage,QTPICP_028,annotated_beat,,,,,,0.8521560574948666,,,,,,,,covariance_aware,fully_held_out_annotator_1; covariance_aware,,487.0,487.0,picp_95,,,,fully_held_out_annotator_1,revision_work/analysis/direct_qt_picp.csv,src/revision_qt_uncertainty.py,,,
direct QT prediction interval coverage,QTPICP_029,annotated_beat,,,,,,0.9527363184079602,,,,,,,,independence,fully_held_out_annotator_2; independence,,402.0,402.0,picp_95,,,,fully_held_out_annotator_2,revision_work/analysis/direct_qt_picp.csv,src/revision_qt_uncertainty.py,,,
direct QT prediction interval coverage,QTPICP_030,annotated_beat,,,,,,0.9203980099502488,,,,,,,,covariance_aware,fully_held_out_annotator_2; covariance_aware,,402.0,402.0,picp_95,,,,fully_held_out_annotator_2,revision_work/analysis/direct_qt_picp.csv,src/revision_qt_uncertainty.py,,,
landmark accuracy/calibration,LMCAL_001,annotated_beat,,,,,,20.90179034185143,,,,,,,p_onset,,finetune_val (single expert); p_onset,,358.0,358.0,mae_ms,,,,finetune_val (single expert),results/coverage_picp.csv,src/coverage.py,,,
landmark accuracy/calibration,LMCAL_002,annotated_beat,,,,,,10.22081473660286,,,,,,,qrs_onset,,finetune_val (single expert); qrs_onset,,391.0,391.0,mae_ms,,,,finetune_val (single expert),results/coverage_picp.csv,src/coverage.py,,,
landmark accuracy/calibration,LMCAL_003,annotated_beat,,,,,,11.611610510160244,,,,,,,qrs_offset,,finetune_val (single expert); qrs_offset,,391.0,391.0,mae_ms,,,,finetune_val (single expert),results/coverage_picp.csv,src/coverage.py,,,
landmark accuracy/calibration,LMCAL_004,annotated_beat,,,,,,26.36122291350304,,,,,,,t_offset,,finetune_val (single expert); t_offset,,391.0,391.0,mae_ms,,,,finetune_val (single expert),results/coverage_picp.csv,src/coverage.py,,,
landmark accuracy/calibration,LMCAL_005,annotated_beat,,,,,,29.060330298639112,,,,,,,p_onset,,calibration (annotator 1); p_onset,,372.0,372.0,mae_ms,,,,calibration (annotator 1),results/coverage_picp.csv,src/coverage.py,,,
landmark accuracy/calibration,LMCAL_006,annotated_beat,,,,,,20.09219028230076,,,,,,,qrs_onset,,calibration (annotator 1); qrs_onset,,487.0,487.0,mae_ms,,,,calibration (annotator 1),results/coverage_picp.csv,src/coverage.py,,,
landmark accuracy/calibration,LMCAL_007,annotated_beat,,,,,,20.268211286415557,,,,,,,qrs_offset,,calibration (annotator 1); qrs_offset,,487.0,487.0,mae_ms,,,,calibration (annotator 1),results/coverage_picp.csv,src/coverage.py,,,
landmark accuracy/calibration,LMCAL_008,annotated_beat,,,,,,39.34856663886037,,,,,,,t_offset,,calibration (annotator 1); t_offset,,487.0,487.0,mae_ms,,,,calibration (annotator 1),results/coverage_picp.csv,src/coverage.py,,,
landmark accuracy/calibration,LMCAL_009,annotated_beat,,,,,,13.376823954062887,,,,,,,qrs_onset,,calibration (annotator 2); qrs_onset,,404.0,404.0,mae_ms,,,,calibration (annotator 2),results/coverage_picp.csv,src/coverage.py,,,
landmark accuracy/calibration,LMCAL_010,annotated_beat,,,,,,13.685776058990175,,,,,,,qrs_offset,,calibration (annotator 2); qrs_offset,,404.0,404.0,mae_ms,,,,calibration (annotator 2),results/coverage_picp.csv,src/coverage.py,,,
landmark accuracy/calibration,LMCAL_011,annotated_beat,,,,,,24.24813675761816,,,,,,,t_offset,,calibration (annotator 2); t_offset,,402.0,402.0,mae_ms,,,,calibration (annotator 2),results/coverage_picp.csv,src/coverage.py,,,
landmark accuracy/calibration,LMCAL_012,annotated_beat,,,,,,24.75381384481931,,,,,,,p_onset,,finetune_val (single expert); p_onset,,358.0,358.0,mean_sigma_ms,,,,finetune_val (single expert),results/coverage_picp.csv,src/coverage.py,,,
landmark accuracy/calibration,LMCAL_013,annotated_beat,,,,,,15.454361266797155,,,,,,,qrs_onset,,finetune_val (single expert); qrs_onset,,391.0,391.0,mean_sigma_ms,,,,finetune_val (single expert),results/coverage_picp.csv,src/coverage.py,,,
landmark accuracy/calibration,LMCAL_014,annotated_beat,,,,,,18.371222093587036,,,,,,,qrs_offset,,finetune_val (single expert); qrs_offset,,391.0,391.0,mean_sigma_ms,,,,finetune_val (single expert),results/coverage_picp.csv,src/coverage.py,,,
landmark accuracy/calibration,LMCAL_015,annotated_beat,,,,,,29.50549551532092,,,,,,,t_offset,,finetune_val (single expert); t_offset,,391.0,391.0,mean_sigma_ms,,,,finetune_val (single expert),results/coverage_picp.csv,src/coverage.py,,,
landmark accuracy/calibration,LMCAL_016,annotated_beat,,,,,,24.862138984023883,,,,,,,p_onset,,calibration (annotator 1); p_onset,,372.0,372.0,mean_sigma_ms,,,,calibration (annotator 1),results/coverage_picp.csv,src/coverage.py,,,
landmark accuracy/calibration,LMCAL_017,annotated_beat,,,,,,15.704431183284314,,,,,,,qrs_onset,,calibration (annotator 1); qrs_onset,,487.0,487.0,mean_sigma_ms,,,,calibration (annotator 1),results/coverage_picp.csv,src/coverage.py,,,
landmark accuracy/calibration,LMCAL_018,annotated_beat,,,,,,18.7075542865103,,,,,,,qrs_offset,,calibration (annotator 1); qrs_offset,,487.0,487.0,mean_sigma_ms,,,,calibration (annotator 1),results/coverage_picp.csv,src/coverage.py,,,
landmark accuracy/calibration,LMCAL_019,annotated_beat,,,,,,29.929240965010937,,,,,,,t_offset,,calibration (annotator 1); t_offset,,487.0,487.0,mean_sigma_ms,,,,calibration (annotator 1),results/coverage_picp.csv,src/coverage.py,,,
landmark accuracy/calibration,LMCAL_020,annotated_beat,,,,,,15.58425232915595,,,,,,,qrs_onset,,calibration (annotator 2); qrs_onset,,404.0,404.0,mean_sigma_ms,,,,calibration (annotator 2),results/coverage_picp.csv,src/coverage.py,,,
landmark accuracy/calibration,LMCAL_021,annotated_beat,,,,,,18.55066129004601,,,,,,,qrs_offset,,calibration (annotator 2); qrs_offset,,404.0,404.0,mean_sigma_ms,,,,calibration (annotator 2),results/coverage_picp.csv,src/coverage.py,,,
landmark accuracy/calibration,LMCAL_022,annotated_beat,,,,,,29.5668362100326,,,,,,,t_offset,,calibration (annotator 2); t_offset,,402.0,402.0,mean_sigma_ms,,,,calibration (annotator 2),results/coverage_picp.csv,src/coverage.py,,,
landmark accuracy/calibration,LMCAL_023,annotated_beat,,,,,,27.968198444596386,,,,,,,p_onset,,finetune_val (single expert); p_onset,,358.0,358.0,rmse_ms,,,,finetune_val (single expert),results/coverage_picp.csv,src/coverage.py,,,
landmark accuracy/calibration,LMCAL_024,annotated_beat,,,,,,12.650000133804678,,,,,,,qrs_onset,,finetune_val (single expert); qrs_onset,,391.0,391.0,rmse_ms,,,,finetune_val (single expert),results/coverage_picp.csv,src/coverage.py,,,
landmark accuracy/calibration,LMCAL_025,annotated_beat,,,,,,14.335390378782137,,,,,,,qrs_offset,,finetune_val (single expert); qrs_offset,,391.0,391.0,rmse_ms,,,,finetune_val (single expert),results/coverage_picp.csv,src/coverage.py,,,
landmark accuracy/calibration,LMCAL_026,annotated_beat,,,,,,33.67901444784897,,,,,,,t_offset,,finetune_val (single expert); t_offset,,391.0,391.0,rmse_ms,,,,finetune_val (single expert),results/coverage_picp.csv,src/coverage.py,,,
landmark accuracy/calibration,LMCAL_027,annotated_beat,,,,,,34.84453268972832,,,,,,,p_onset,,calibration (annotator 1); p_onset,,372.0,372.0,rmse_ms,,,,calibration (annotator 1),results/coverage_picp.csv,src/coverage.py,,,
landmark accuracy/calibration,LMCAL_028,annotated_beat,,,,,,29.66337029231197,,,,,,,qrs_onset,,calibration (annotator 1); qrs_onset,,487.0,487.0,rmse_ms,,,,calibration (annotator 1),results/coverage_picp.csv,src/coverage.py,,,
landmark accuracy/calibration,LMCAL_029,annotated_beat,,,,,,25.10365859561867,,,,,,,qrs_offset,,calibration (annotator 1); qrs_offset,,487.0,487.0,rmse_ms,,,,calibration (annotator 1),results/coverage_picp.csv,src/coverage.py,,,
landmark accuracy/calibration,LMCAL_030,annotated_beat,,,,,,55.6381775510984,,,,,,,t_offset,,calibration (annotator 1); t_offset,,487.0,487.0,rmse_ms,,,,calibration (annotator 1),results/coverage_picp.csv,src/coverage.py,,,
landmark accuracy/calibration,LMCAL_031,annotated_beat,,,,,,18.60900460144624,,,,,,,qrs_onset,,calibration (annotator 2); qrs_onset,,404.0,404.0,rmse_ms,,,,calibration (annotator 2),results/coverage_picp.csv,src/coverage.py,,,
landmark accuracy/calibration,LMCAL_032,annotated_beat,,,,,,17.77600795339066,,,,,,,qrs_offset,,calibration (annotator 2); qrs_offset,,404.0,404.0,rmse_ms,,,,calibration (annotator 2),results/coverage_picp.csv,src/coverage.py,,,
landmark accuracy/calibration,LMCAL_033,annotated_beat,,,,,,36.39074392064649,,,,,,,t_offset,,calibration (annotator 2); t_offset,,402.0,402.0,rmse_ms,,,,calibration (annotator 2),results/coverage_picp.csv,src/coverage.py,,,
landmark accuracy/calibration,LMCAL_034,annotated_beat,,,,,,0.5363128491620112,,,,,,,p_onset,,finetune_val (single expert); p_onset,,358.0,358.0,PICP_50,,,,finetune_val (single expert),results/coverage_picp.csv,src/coverage.py,,,
landmark accuracy/calibration,LMCAL_035,annotated_beat,,,,,,0.5601023017902813,,,,,,,qrs_onset,,finetune_val (single expert); qrs_onset,,391.0,391.0,PICP_50,,,,finetune_val (single expert),results/coverage_picp.csv,src/coverage.py,,,
landmark accuracy/calibration,LMCAL_036,annotated_beat,,,,,,0.5831202046035806,,,,,,,qrs_offset,,finetune_val (single expert); qrs_offset,,391.0,391.0,PICP_50,,,,finetune_val (single expert),results/coverage_picp.csv,src/coverage.py,,,
landmark accuracy/calibration,LMCAL_037,annotated_beat,,,,,,0.4731457800511509,,,,,,,t_offset,,finetune_val (single expert); t_offset,,391.0,391.0,PICP_50,,,,finetune_val (single expert),results/coverage_picp.csv,src/coverage.py,,,
landmark accuracy/calibration,LMCAL_038,annotated_beat,,,,,,0.3064516129032258,,,,,,,p_onset,,calibration (annotator 1); p_onset,,372.0,372.0,PICP_50,,,,calibration (annotator 1),results/coverage_picp.csv,src/coverage.py,,,
landmark accuracy/calibration,LMCAL_039,annotated_beat,,,,,,0.4435318275154004,,,,,,,qrs_onset,,calibration (annotator 1); qrs_onset,,487.0,487.0,PICP_50,,,,calibration (annotator 1),results/coverage_picp.csv,src/coverage.py,,,
landmark accuracy/calibration,LMCAL_040,annotated_beat,,,,,,0.3716632443531827,,,,,,,qrs_offset,,calibration (annotator 1); qrs_offset,,487.0,487.0,PICP_50,,,,calibration (annotator 1),results/coverage_picp.csv,src/coverage.py,,,
landmark accuracy/calibration,LMCAL_041,annotated_beat,,,,,,0.4106776180698152,,,,,,,t_offset,,calibration (annotator 1); t_offset,,487.0,487.0,PICP_50,,,,calibration (annotator 1),results/coverage_picp.csv,src/coverage.py,,,
landmark accuracy/calibration,LMCAL_042,annotated_beat,,,,,,0.556930693069307,,,,,,,qrs_onset,,calibration (annotator 2); qrs_onset,,404.0,404.0,PICP_50,,,,calibration (annotator 2),results/coverage_picp.csv,src/coverage.py,,,
landmark accuracy/calibration,LMCAL_043,annotated_beat,,,,,,0.5445544554455446,,,,,,,qrs_offset,,calibration (annotator 2); qrs_offset,,404.0,404.0,PICP_50,,,,calibration (annotator 2),results/coverage_picp.csv,src/coverage.py,,,
landmark accuracy/calibration,LMCAL_044,annotated_beat,,,,,,0.5398009950248757,,,,,,,t_offset,,calibration (annotator 2); t_offset,,402.0,402.0,PICP_50,,,,calibration (annotator 2),results/coverage_picp.csv,src/coverage.py,,,
landmark accuracy/calibration,LMCAL_045,annotated_beat,,,,,,0.7206703910614525,,,,,,,p_onset,,finetune_val (single expert); p_onset,,358.0,358.0,PICP_68,,,,finetune_val (single expert),results/coverage_picp.csv,src/coverage.py,,,
landmark accuracy/calibration,LMCAL_046,annotated_beat,,,,,,0.7979539641943734,,,,,,,qrs_onset,,finetune_val (single expert); qrs_onset,,391.0,391.0,PICP_68,,,,finetune_val (single expert),results/coverage_picp.csv,src/coverage.py,,,
landmark accuracy/calibration,LMCAL_047,annotated_beat,,,,,,0.7774936061381074,,,,,,,qrs_offset,,finetune_val (single expert); qrs_offset,,391.0,391.0,PICP_68,,,,finetune_val (single expert),results/coverage_picp.csv,src/coverage.py,,,
landmark accuracy/calibration,LMCAL_048,annotated_beat,,,,,,0.6726342710997443,,,,,,,t_offset,,finetune_val (single expert); t_offset,,391.0,391.0,PICP_68,,,,finetune_val (single expert),results/coverage_picp.csv,src/coverage.py,,,
landmark accuracy/calibration,LMCAL_049,annotated_beat,,,,,,0.4838709677419355,,,,,,,p_onset,,calibration (annotator 1); p_onset,,372.0,372.0,PICP_68,,,,calibration (annotator 1),results/coverage_picp.csv,src/coverage.py,,,
landmark accuracy/calibration,LMCAL_050,annotated_beat,,,,,,0.5913757700205339,,,,,,,qrs_onset,,calibration (annotator 1); qrs_onset,,487.0,487.0,PICP_68,,,,calibration (annotator 1),results/coverage_picp.csv,src/coverage.py,,,
landmark accuracy/calibration,LMCAL_051,annotated_beat,,,,,,0.5564681724845996,,,,,,,qrs_offset,,calibration (annotator 1); qrs_offset,,487.0,487.0,PICP_68,,,,calibration (annotator 1),results/coverage_picp.csv,src/coverage.py,,,
landmark accuracy/calibration,LMCAL_052,annotated_beat,,,,,,0.5708418891170431,,,,,,,t_offset,,calibration (annotator 1); t_offset,,487.0,487.0,PICP_68,,,,calibration (annotator 1),results/coverage_picp.csv,src/coverage.py,,,
landmark accuracy/calibration,LMCAL_053,annotated_beat,,,,,,0.7029702970297029,,,,,,,qrs_onset,,calibration (annotator 2); qrs_onset,,404.0,404.0,PICP_68,,,,calibration (annotator 2),results/coverage_picp.csv,src/coverage.py,,,
landmark accuracy/calibration,LMCAL_054,annotated_beat,,,,,,0.7252475247524752,,,,,,,qrs_offset,,calibration (annotator 2); qrs_offset,,404.0,404.0,PICP_68,,,,calibration (annotator 2),results/coverage_picp.csv,src/coverage.py,,,
landmark accuracy/calibration,LMCAL_055,annotated_beat,,,,,,0.7039800995024875,,,,,,,t_offset,,calibration (annotator 2); t_offset,,402.0,402.0,PICP_68,,,,calibration (annotator 2),results/coverage_picp.csv,src/coverage.py,,,
landmark accuracy/calibration,LMCAL_056,annotated_beat,,,,,,0.8212290502793296,,,,,,,p_onset,,finetune_val (single expert); p_onset,,358.0,358.0,PICP_80,,,,finetune_val (single expert),results/coverage_picp.csv,src/coverage.py,,,
landmark accuracy/calibration,LMCAL_057,annotated_beat,,,,,,0.9002557544757033,,,,,,,qrs_onset,,finetune_val (single expert); qrs_onset,,391.0,391.0,PICP_80,,,,finetune_val (single expert),results/coverage_picp.csv,src/coverage.py,,,
landmark accuracy/calibration,LMCAL_058,annotated_beat,,,,,,0.9207161125319692,,,,,,,qrs_offset,,finetune_val (single expert); qrs_offset,,391.0,391.0,PICP_80,,,,finetune_val (single expert),results/coverage_picp.csv,src/coverage.py,,,
landmark accuracy/calibration,LMCAL_059,annotated_beat,,,,,,0.7723785166240409,,,,,,,t_offset,,finetune_val (single expert); t_offset,,391.0,391.0,PICP_80,,,,finetune_val (single expert),results/coverage_picp.csv,src/coverage.py,,,
landmark accuracy/calibration,LMCAL_060,annotated_beat,,,,,,0.6263440860215054,,,,,,,p_onset,,calibration (annotator 1); p_onset,,372.0,372.0,PICP_80,,,,calibration (annotator 1),results/coverage_picp.csv,src/coverage.py,,,
landmark accuracy/calibration,LMCAL_061,annotated_beat,,,,,,0.6694045174537988,,,,,,,qrs_onset,,calibration (annotator 1); qrs_onset,,487.0,487.0,PICP_80,,,,calibration (annotator 1),results/coverage_picp.csv,src/coverage.py,,,
landmark accuracy/calibration,LMCAL_062,annotated_beat,,,,,,0.6652977412731006,,,,,,,qrs_offset,,calibration (annotator 1); qrs_offset,,487.0,487.0,PICP_80,,,,calibration (annotator 1),results/coverage_picp.csv,src/coverage.py,,,
landmark accuracy/calibration,LMCAL_063,annotated_beat,,,,,,0.6611909650924025,,,,,,,t_offset,,calibration (annotator 1); t_offset,,487.0,487.0,PICP_80,,,,calibration (annotator 1),results/coverage_picp.csv,src/coverage.py,,,
landmark accuracy/calibration,LMCAL_064,annotated_beat,,,,,,0.7698019801980198,,,,,,,qrs_onset,,calibration (annotator 2); qrs_onset,,404.0,404.0,PICP_80,,,,calibration (annotator 2),results/coverage_picp.csv,src/coverage.py,,,
landmark accuracy/calibration,LMCAL_065,annotated_beat,,,,,,0.8292079207920792,,,,,,,qrs_offset,,calibration (annotator 2); qrs_offset,,404.0,404.0,PICP_80,,,,calibration (annotator 2),results/coverage_picp.csv,src/coverage.py,,,
landmark accuracy/calibration,LMCAL_066,annotated_beat,,,,,,0.7835820895522388,,,,,,,t_offset,,calibration (annotator 2); t_offset,,402.0,402.0,PICP_80,,,,calibration (annotator 2),results/coverage_picp.csv,src/coverage.py,,,
landmark accuracy/calibration,LMCAL_067,annotated_beat,,,,,,0.9189944134078212,,,,,,,p_onset,,finetune_val (single expert); p_onset,,358.0,358.0,PICP_90,,,,finetune_val (single expert),results/coverage_picp.csv,src/coverage.py,,,
landmark accuracy/calibration,LMCAL_068,annotated_beat,,,,,,0.9641943734015346,,,,,,,qrs_onset,,finetune_val (single expert); qrs_onset,,391.0,391.0,PICP_90,,,,finetune_val (single expert),results/coverage_picp.csv,src/coverage.py,,,
landmark accuracy/calibration,LMCAL_069,annotated_beat,,,,,,0.979539641943734,,,,,,,qrs_offset,,finetune_val (single expert); qrs_offset,,391.0,391.0,PICP_90,,,,finetune_val (single expert),results/coverage_picp.csv,src/coverage.py,,,
landmark accuracy/calibration,LMCAL_070,annotated_beat,,,,,,0.8644501278772379,,,,,,,t_offset,,finetune_val (single expert); t_offset,,391.0,391.0,PICP_90,,,,finetune_val (single expert),results/coverage_picp.csv,src/coverage.py,,,
landmark accuracy/calibration,LMCAL_071,annotated_beat,,,,,,0.7553763440860215,,,,,,,p_onset,,calibration (annotator 1); p_onset,,372.0,372.0,PICP_90,,,,calibration (annotator 1),results/coverage_picp.csv,src/coverage.py,,,
landmark accuracy/calibration,LMCAL_072,annotated_beat,,,,,,0.7515400410677618,,,,,,,qrs_onset,,calibration (annotator 1); qrs_onset,,487.0,487.0,PICP_90,,,,calibration (annotator 1),results/coverage_picp.csv,src/coverage.py,,,
landmark accuracy/calibration,LMCAL_073,annotated_beat,,,,,,0.7946611909650924,,,,,,,qrs_offset,,calibration (annotator 1); qrs_offset,,487.0,487.0,PICP_90,,,,calibration (annotator 1),results/coverage_picp.csv,src/coverage.py,,,
landmark accuracy/calibration,LMCAL_074,annotated_beat,,,,,,0.7392197125256673,,,,,,,t_offset,,calibration (annotator 1); t_offset,,487.0,487.0,PICP_90,,,,calibration (annotator 1),results/coverage_picp.csv,src/coverage.py,,,
landmark accuracy/calibration,LMCAL_075,annotated_beat,,,,,,0.8242574257425742,,,,,,,qrs_onset,,calibration (annotator 2); qrs_onset,,404.0,404.0,PICP_90,,,,calibration (annotator 2),results/coverage_picp.csv,src/coverage.py,,,
landmark accuracy/calibration,LMCAL_076,annotated_beat,,,,,,0.8886138613861386,,,,,,,qrs_offset,,calibration (annotator 2); qrs_offset,,404.0,404.0,PICP_90,,,,calibration (annotator 2),results/coverage_picp.csv,src/coverage.py,,,
landmark accuracy/calibration,LMCAL_077,annotated_beat,,,,,,0.8830845771144279,,,,,,,t_offset,,calibration (annotator 2); t_offset,,402.0,402.0,PICP_90,,,,calibration (annotator 2),results/coverage_picp.csv,src/coverage.py,,,
landmark accuracy/calibration,LMCAL_078,annotated_beat,,,,,,0.9189944134078212,,,,,,,p_onset,,finetune_val (single expert); p_onset,,358.0,358.0,PICP_95,,,,finetune_val (single expert),results/coverage_picp.csv,src/coverage.py,,,
landmark accuracy/calibration,LMCAL_079,annotated_beat,,,,,,0.979539641943734,,,,,,,qrs_onset,,finetune_val (single expert); qrs_onset,,391.0,391.0,PICP_95,,,,finetune_val (single expert),results/coverage_picp.csv,src/coverage.py,,,
landmark accuracy/calibration,LMCAL_080,annotated_beat,,,,,,0.989769820971867,,,,,,,qrs_offset,,finetune_val (single expert); qrs_offset,,391.0,391.0,PICP_95,,,,finetune_val (single expert),results/coverage_picp.csv,src/coverage.py,,,
landmark accuracy/calibration,LMCAL_081,annotated_beat,,,,,,0.9028132992327366,,,,,,,t_offset,,finetune_val (single expert); t_offset,,391.0,391.0,PICP_95,,,,finetune_val (single expert),results/coverage_picp.csv,src/coverage.py,,,
landmark accuracy/calibration,LMCAL_082,annotated_beat,,,,,,0.8413978494623656,,,,,,,p_onset,,calibration (annotator 1); p_onset,,372.0,372.0,PICP_95,,,,calibration (annotator 1),results/coverage_picp.csv,src/coverage.py,,,
landmark accuracy/calibration,LMCAL_083,annotated_beat,,,,,,0.7946611909650924,,,,,,,qrs_onset,,calibration (annotator 1); qrs_onset,,487.0,487.0,PICP_95,,,,calibration (annotator 1),results/coverage_picp.csv,src/coverage.py,,,
landmark accuracy/calibration,LMCAL_084,annotated_beat,,,,,,0.8480492813141683,,,,,,,qrs_offset,,calibration (annotator 1); qrs_offset,,487.0,487.0,PICP_95,,,,calibration (annotator 1),results/coverage_picp.csv,src/coverage.py,,,
landmark accuracy/calibration,LMCAL_085,annotated_beat,,,,,,0.7618069815195072,,,,,,,t_offset,,calibration (annotator 1); t_offset,,487.0,487.0,PICP_95,,,,calibration (annotator 1),results/coverage_picp.csv,src/coverage.py,,,
landmark accuracy/calibration,LMCAL_086,annotated_beat,,,,,,0.8663366336633663,,,,,,,qrs_onset,,calibration (annotator 2); qrs_onset,,404.0,404.0,PICP_95,,,,calibration (annotator 2),results/coverage_picp.csv,src/coverage.py,,,
landmark accuracy/calibration,LMCAL_087,annotated_beat,,,,,,0.9306930693069309,,,,,,,qrs_offset,,calibration (annotator 2); qrs_offset,,404.0,404.0,PICP_95,,,,calibration (annotator 2),results/coverage_picp.csv,src/coverage.py,,,
landmark accuracy/calibration,LMCAL_088,annotated_beat,,,,,,0.917910447761194,,,,,,,t_offset,,calibration (annotator 2); t_offset,,402.0,402.0,PICP_95,,,,calibration (annotator 2),results/coverage_picp.csv,src/coverage.py,,,
episode signed direction,SIGNDIR_001,episode,,,,,negative,545.0,ischemic,,,,,,,,ischemic,,,,episodes,,,,,revision_work/analysis/signed_residual_direction.csv,src/revision_statistics.py,,,
episode signed direction,SIGNDIR_002,episode,,,,,positive,515.0,ischemic,,,,,,,,ischemic,,,,episodes,,,,,revision_work/analysis/signed_residual_direction.csv,src/revision_statistics.py,,,
episode signed direction,SIGNDIR_003,episode,,,,,negative,126.0,rate_related,,,,,,,,rate_related,,,,episodes,,,,,revision_work/analysis/signed_residual_direction.csv,src/revision_statistics.py,,,
episode signed direction,SIGNDIR_004,episode,,,,,positive,92.0,rate_related,,,,,,,,rate_related,,,,episodes,,,,,revision_work/analysis/signed_residual_direction.csv,src/revision_statistics.py,,,
episode signed direction,SIGNDIR_005,episode,,,,,negative,53.0,ischemic,,,,,,,,ischemic,,,,subjects,,,,,revision_work/analysis/signed_residual_direction.csv,src/revision_statistics.py,,,
episode signed direction,SIGNDIR_006,episode,,,,,positive,40.0,ischemic,,,,,,,,ischemic,,,,subjects,,,,,revision_work/analysis/signed_residual_direction.csv,src/revision_statistics.py,,,
episode signed direction,SIGNDIR_007,episode,,,,,negative,22.0,rate_related,,,,,,,,rate_related,,,,subjects,,,,,revision_work/analysis/signed_residual_direction.csv,src/revision_statistics.py,,,
episode signed direction,SIGNDIR_008,episode,,,,,positive,16.0,rate_related,,,,,,,,rate_related,,,,subjects,,,,,revision_work/analysis/signed_residual_direction.csv,src/revision_statistics.py,,,
episode signed direction,SIGNDIR_009,episode,,,,,negative,0.5141509433962265,ischemic,,,,,,,,ischemic,,,,proportion,,,,,revision_work/analysis/signed_residual_direction.csv,src/revision_statistics.py,,,
episode signed direction,SIGNDIR_010,episode,,,,,positive,0.4858490566037736,ischemic,,,,,,,,ischemic,,,,proportion,,,,,revision_work/analysis/signed_residual_direction.csv,src/revision_statistics.py,,,
episode signed direction,SIGNDIR_011,episode,,,,,negative,0.5779816513761468,rate_related,,,,,,,,rate_related,,,,proportion,,,,,revision_work/analysis/signed_residual_direction.csv,src/revision_statistics.py,,,
episode signed direction,SIGNDIR_012,episode,,,,,positive,0.4220183486238532,rate_related,,,,,,,,rate_related,,,,proportion,,,,,revision_work/analysis/signed_residual_direction.csv,src/revision_statistics.py,,,
